ep,rwd,lpf
0,0.0025468413429404536,0.0025468413429404536
1,0.017536892011397676,0.004045846409786176
2,0.03891648198048703,0.007532909966856262
3,0.03465133880155147,0.010244752850325783
4,0.14600637173661984,0.02382091473895519
5,0.06163828906284987,0.02760265217134466
6,0.04378312632483912,0.029220699586694106
7,0.056400678539350046,0.031938697481959696
8,0.03451565388426214,0.03219639312218994
9,0.02833967388889267,0.03181072119886021
