ep,rwd,lpf
0,0.05571157384586147,0.05571157384586147
1,0.01632315873573411,0.051772732334848734
2,0.012674979739480818,0.04786295707531194
3,0.00679978628667417,0.04375663999644816
