ep,rwd,lpf
0,0.014180834269269128,0.014180834269269128
1,0.04296945601308764,0.01705969644365098
2,0.06876458988624509,0.022230185787910393
3,0.01998480901802733,0.022005648110922087
