ep,rwd,lpf
0,0.020317596554431994,0.020317596554431997
