ep,rwd,lpf
0,0.025233384121819212,0.025233384121819212
1,0.008372326844052402,0.023547278394042533
2,0.017528321001380753,0.022945382654776355
3,0.02335727527314333,0.022986571916613054
4,0.0023196966260222497,0.020919884387553975
5,0.03307405109180035,0.022135301057978615
